,书籍名称,价格,出版社,评论数,商品链接,图片链接
0, Python编程 从入门到实践,62.00,人民邮电出版社,81382,http://product.dangdang.com/24003310.html,http://img3m0.ddimg.cn/67/4/24003310-1_b_7.jpg
1, Python学习手册（原书第5版）,162.40,机械工业出版社,1032,http://product.dangdang.com/25576578.html,images/model/guan/url_none.png
2, Python编程快速上手 让繁琐工作自动化（Python3编程从入门到实践 新手学习必备用书）,50.00,人民邮电出版社,18796,http://product.dangdang.com/23997502.html,images/model/guan/url_none.png
3, 利用Python进行数据分析（原书第2版）,91.30,机械工业出版社,7025,http://product.dangdang.com/25312917.html,images/model/guan/url_none.png
4, Python核心编程 第3版,71.80,人民邮电出版社,20384,http://product.dangdang.com/23961748.html,images/model/guan/url_none.png
5, 疯狂Python讲义,105.00,电子工业出版社,1023,http://product.dangdang.com/25580336.html,images/model/guan/url_none.png
6, Python从小白到大牛,65.30,清华大学出版社,1137,http://product.dangdang.com/25574315.html,images/model/guan/url_none.png
7, Python从菜鸟到高手,93.80,清华大学出版社,2803,http://product.dangdang.com/25333314.html,images/model/guan/url_none.png
8, Python Cookbook（第3版）中文版,78.30,人民邮电出版社,6154,http://product.dangdang.com/23690527.html,images/model/guan/url_none.png
9, Python基础教程（第3版）,78.20,人民邮电出版社,12769,http://product.dangdang.com/25218035.html,images/model/guan/url_none.png
10, Python 3网络爬虫开发实战,78.20,人民邮电出版社,8567,http://product.dangdang.com/25249602.html,images/model/guan/url_none.png
11, Python 3标准库,147.60,机械工业出版社,630,http://product.dangdang.com/25534855.html,images/model/guan/url_none.png
12, Python神经网络编程,50.00,人民邮电出版社,6640,http://product.dangdang.com/25251315.html,images/model/guan/url_none.png
13, 笨办法学Python 3,42.80,人民邮电出版社,8535,http://product.dangdang.com/25286312.html,images/model/guan/url_none.png
14, 物联网应用设计与实战：基于AVR单片机和Python,46.60,机械工业出版社,38,http://product.dangdang.com/26440992.html,images/model/guan/url_none.png
15, Python数据分析与挖掘实战,51.20,机械工业出版社,6942,http://product.dangdang.com/23818948.html,images/model/guan/url_none.png
16, Python量化交易,78.40,电子工业出版社,0,http://product.dangdang.com/27870346.html,images/model/guan/url_none.png
17, Python从入门到精通,58.50,清华大学出版社,353,http://product.dangdang.com/25535707.html,images/model/guan/url_none.png
18, Python编程（第四版）,132.00,中国电力出版社,7425,http://product.dangdang.com/23617284.html,images/model/guan/url_none.png
19, Python金融大数据分析,71.80,人民邮电出版社,5634,http://product.dangdang.com/23814720.html,images/model/guan/url_none.png
20, 实战Python网络爬虫,72.60,清华大学出版社,1,http://product.dangdang.com/27872249.html,images/model/guan/url_none.png
21, 零基础入门学习Python（第2版）-微课视频版,61.40,清华大学出版社,11,http://product.dangdang.com/27865271.html,images/model/guan/url_none.png
22, 深入理解Python特性,33.80,人民邮电出版社,0,http://product.dangdang.com/27882547.html,images/model/guan/url_none.png
23, 对比Excel，轻松学习Python数据分析,52.50,电子工业出版社,3737,http://product.dangdang.com/26512595.html,images/model/guan/url_none.png
24, Python编程从入门到精通 项目开发视频学习版,57.30,人民邮电出版社,1371,http://product.dangdang.com/25536364.html,images/model/guan/url_none.png
25, 精通Python爬虫框架Scrapy,42.80,人民邮电出版社,4915,http://product.dangdang.com/25227022.html,images/model/guan/url_none.png
26, Python深度学习,94.00,人民邮电出版社,3435,http://product.dangdang.com/25324199.html,images/model/guan/url_none.png
27, Python编程从零基础到项目实战（微课视频版）,61.30,水利水电出版社,1931,http://product.dangdang.com/25479735.html,images/model/guan/url_none.png
28, Python科学计算(第2版),93.20,清华大学出版社,1948,http://product.dangdang.com/23957701.html,images/model/guan/url_none.png
29, Python自然语言处理,64.50,人民邮电出版社,4397,http://product.dangdang.com/23503127.html,images/model/guan/url_none.png
30, Python算法详解,54.50,人民邮电出版社,1,http://product.dangdang.com/27880576.html,images/model/guan/url_none.png
31, 教孩子学编程 Python语言版,42.80,人民邮电出版社,10481,http://product.dangdang.com/23928893.html,images/model/guan/url_none.png
32, Python 3 面向对象编程（第2版）,88.10,电子工业出版社,458,http://product.dangdang.com/25301983.html,images/model/guan/url_none.png
33, 流畅的Python,109.80,人民邮电出版社,3861,http://product.dangdang.com/25071121.html,images/model/guan/url_none.png
34, Python项目案例开发从入门到实战――爬虫、游戏和机器学习,58.50,清华大学出版社,338,http://product.dangdang.com/26436548.html,images/model/guan/url_none.png
35, 零基础轻松学Python,46.60,电子工业出版社,3,http://product.dangdang.com/27876895.html,images/model/guan/url_none.png
36, Python自动化测试实战,55.30,电子工业出版社,30,http://product.dangdang.com/27856966.html,images/model/guan/url_none.png
37, Python编程无师自通 专业程序员的养成,42.80,人民邮电出版社,754,http://product.dangdang.com/26440157.html,images/model/guan/url_none.png
38, Python人脸识别：从入门到工程实践,54.50,机械工业出版社,15,http://product.dangdang.com/27859582.html,images/model/guan/url_none.png
39, Python数据可视化之matplotlib精进,61.40,电子工业出版社,1,http://product.dangdang.com/27862869.html,images/model/guan/url_none.png
40, Python自然语言处理实战：核心技术与算法,51.20,机械工业出版社,949,http://product.dangdang.com/25286117.html,images/model/guan/url_none.png
41, Python 3破冰人工智能 从入门到实战,42.80,人民邮电出版社,57,http://product.dangdang.com/27852496.html,images/model/guan/url_none.png
42, Python 3.7从零开始学,62.40,清华大学出版社,386,http://product.dangdang.com/25351140.html,images/model/guan/url_none.png
43, Python自动化开发实战,54.50,清华大学出版社,1,http://product.dangdang.com/27866832.html,images/model/guan/url_none.png
44, Python大规模机器学习,70.30,机械工业出版社,1,http://product.dangdang.com/27867226.html,images/model/guan/url_none.png
45, Python高效开发实战――Django、Tornado、Flask、Twisted（第2版）,78.40,电子工业出版社,208,http://product.dangdang.com/26438448.html,images/model/guan/url_none.png
46, 码农翻身（好玩有趣的编程知识）,61.40,电子工业出版社,14459,http://product.dangdang.com/25276414.html,images/model/guan/url_none.png
47, Python 3爬虫、数据清洗与可视化实战,38.80,电子工业出版社,1145,http://product.dangdang.com/25253348.html,images/model/guan/url_none.png
48, Python编程之美：最佳实践指南,79.20,电子工业出版社,576,http://product.dangdang.com/25336768.html,images/model/guan/url_none.png
49, Python统计分析,57.30,人民邮电出版社,436,http://product.dangdang.com/26184453.html,images/model/guan/url_none.png
50, Python深度学习实战：基于TensorFlow和Keras的聊天机器人以及人脸、物体和语音识别,54.50,机械工业出版社,18,http://product.dangdang.com/27857147.html,images/model/guan/url_none.png
51, Python微服务开发,46.60,清华大学出版社,24,http://product.dangdang.com/27852643.html,images/model/guan/url_none.png
52, Python游戏编程入门,35.50,人民邮电出版社,1981,http://product.dangdang.com/23628345.html,images/model/guan/url_none.png
53, Python机器学习――数据分析与评分卡建模（微课版）,33.80,清华大学出版社,9,http://product.dangdang.com/27862921.html,images/model/guan/url_none.png
54, Python算法教程,50.00,人民邮电出版社,4310,http://product.dangdang.com/23834026.html,images/model/guan/url_none.png
55, Python数据分析与数据化运营,78.20,机械工业出版社,864,http://product.dangdang.com/25200787.html,images/model/guan/url_none.png
56, Python 黑帽子：黑客与渗透测试编程之道,49.00,电子工业出版社,3542,http://product.dangdang.com/23754436.html,images/model/guan/url_none.png
57, 大话Python机器学习,70.90,水利水电出版社,51,http://product.dangdang.com/27874150.html,images/model/guan/url_none.png
58, Python程序设计与问题求解（原书第2版）,84.10,机械工业出版社,0,http://product.dangdang.com/27879589.html,images/model/guan/url_none.png
59, Python数据可视化之matplotlib实践,46.80,电子工业出版社,455,http://product.dangdang.com/25339676.html,images/model/guan/url_none.png
60, Python核心编程（第二版）(Python领域经典作品、非常有名的开发指南),64.50,人民邮电出版社,14521,http://product.dangdang.com/20255354.html,http://img3m4.ddimg.cn/53/0/20255354-1_b_1.jpg
61, Python语言程序设计基础（第2版）,39.00,高等教育出版社,1094,http://product.dangdang.com/24189864.html,images/model/guan/url_none.png
62, 基于Python的大数据分析基础及实战,51.20,水利水电出版社,2582,http://product.dangdang.com/25307829.html,images/model/guan/url_none.png
63, Python金融衍生品大数据分析：建模、模拟、校准与对冲,88.10,电子工业出版社,1456,http://product.dangdang.com/25107163.html,images/model/guan/url_none.png
64, Python机器学习基础教程,62.40,人民邮电出版社,2753,http://product.dangdang.com/25232007.html,images/model/guan/url_none.png
65, Python王者归来,101.10,清华大学出版社,20,http://product.dangdang.com/27856608.html,images/model/guan/url_none.png
66, Python机器学习实践指南,50.00,人民邮电出版社,6376,http://product.dangdang.com/25066760.html,images/model/guan/url_none.png
67, Python 新手学Django 2.0架站的16堂课（第2版）,68.30,清华大学出版社,24,http://product.dangdang.com/27851580.html,images/model/guan/url_none.png
68, Python数据挖掘与机器学习实战,54.50,机械工业出版社,0,http://product.dangdang.com/27875848.html,images/model/guan/url_none.png
69, Python量化交易实战,62.40,清华大学出版社,107,http://product.dangdang.com/26485746.html,images/model/guan/url_none.png
70, Python绝技：运用Python成为顶级黑客,70.30,电子工业出版社,4573,http://product.dangdang.com/23839735.html,images/model/guan/url_none.png
71, Python与机器学习实战：决策树、集成学习、支持向量机与神经网络算法详解及编程实现,54.70,电子工业出版社,2622,http://product.dangdang.com/25107201.html,images/model/guan/url_none.png
72, 深入浅出Python机器学习,50.60,清华大学出版社,1244,http://product.dangdang.com/25314043.html,images/model/guan/url_none.png
73, Python网络爬虫权威指南 第2版,54.50,人民邮电出版社,24,http://product.dangdang.com/27857494.html,images/model/guan/url_none.png
74, 小天才学Python,26.40,清华大学出版社,113,http://product.dangdang.com/26918604.html,images/model/guan/url_none.png
75, Python数据科学手册,86.10,人民邮电出版社,1824,http://product.dangdang.com/25228733.html,images/model/guan/url_none.png
76, 零基础入门学习Python,39.10,清华大学出版社,2971,http://product.dangdang.com/24104299.html,images/model/guan/url_none.png
77, 你也能看得懂的Python算法书,46.80,电子工业出版社,2530,http://product.dangdang.com/25579993.html,images/model/guan/url_none.png
78, 用Python写网络爬虫 第2版,35.50,人民邮电出版社,1811,http://product.dangdang.com/25303745.html,images/model/guan/url_none.png
79, python在机器学习中的应用,63.00,水利水电出版社,0,http://product.dangdang.com/27874149.html,images/model/guan/url_none.png
80, Python游戏编程快速上手 第4版,50.00,人民邮电出版社,875,http://product.dangdang.com/25173882.html,images/model/guan/url_none.png
81, Python高性能编程,54.50,人民邮电出版社,1162,http://product.dangdang.com/25098886.html,images/model/guan/url_none.png
82, Python机器学习（原书第2版）,73.80,机械工业出版社,189,http://product.dangdang.com/25859443.html,images/model/guan/url_none.png
83, Python与量化投资：从基础到实战,78.40,电子工业出版社,1141,http://product.dangdang.com/25248716.html,images/model/guan/url_none.png
84, Python网络爬虫技术,27.40,人民邮电出版社,17,http://product.dangdang.com/27851752.html,images/model/guan/url_none.png
85, Python数据分析实战,30.80,清华大学出版社,83,http://product.dangdang.com/26488845.html,images/model/guan/url_none.png
86, 小小的Python编程故事,54.70,电子工业出版社,2562,http://product.dangdang.com/26475567.html,images/model/guan/url_none.png
87, Python Linux系统管理与自动化运维,70.30,机械工业出版社,679,http://product.dangdang.com/25164632.html,images/model/guan/url_none.png
88, Python编程导论 第2版,54.50,人民邮电出版社,866,http://product.dangdang.com/25249180.html,images/model/guan/url_none.png
89, Python接口自动化测试,52.50,电子工业出版社,0,http://product.dangdang.com/27873146.html,images/model/guan/url_none.png
90, Python数据可视化编程实战 第2版,50.00,人民邮电出版社,423,http://product.dangdang.com/25339887.html,images/model/guan/url_none.png
91, Python 网络爬虫从入门到精通,62.40,机械工业出版社,1,http://product.dangdang.com/27873714.html,images/model/guan/url_none.png
92, 深度学习入门 基于Python的理论与实现,46.60,人民邮电出版社,3551,http://product.dangdang.com/25307675.html,images/model/guan/url_none.png
93, Python自动化运维快速入门,46.60,清华大学出版社,17,http://product.dangdang.com/27304507.html,images/model/guan/url_none.png
94, 趣学Python――教孩子学编程,42.80,中国电力出版社,2121,http://product.dangdang.com/23648843.html,images/model/guan/url_none.png
95, Python袖珍指南（第五版）,26.20,人民邮电出版社,957,http://product.dangdang.com/23617285.html,images/model/guan/url_none.png
96, Python机器学习 预测分析核心算法,54.50,西南交通大学出版社,3116,http://product.dangdang.com/24159761.html,images/model/guan/url_none.png
97, Python入门与实战,19.30,清华大学出版社,0,http://product.dangdang.com/27853902.html,images/model/guan/url_none.png
98, Python渗透测试编程技术：方法与实践,54.50,人民邮电出版社,147,http://product.dangdang.com/26482920.html,images/model/guan/url_none.png
99, Python数据分析 第2版,54.50,机械工业出版社,1079,http://product.dangdang.com/25278605.html,images/model/guan/url_none.png
100, Python程序设计（原书第2版）,101.10,人民邮电出版社,54,http://product.dangdang.com/25582466.html,images/model/guan/url_none.png
101, 我的Python世界 玩《Minecraft我的世界》学Python编程,50.00,中国电力出版社,351,http://product.dangdang.com/25305843.html,images/model/guan/url_none.png
102, Head First Python(第二版),85.30,人民邮电出版社,2686,http://product.dangdang.com/25216230.html,images/model/guan/url_none.png
103, Python高级编程 第2版,61.40,清华大学出版社,1327,http://product.dangdang.com/25163810.html,images/model/guan/url_none.png
104, 从零开始学Python数据分析与挖掘,62.40,人民邮电出版社,249,http://product.dangdang.com/25535018.html,images/model/guan/url_none.png
105, Python设计模式 第2版,30.80,北京大学出版社,544,http://product.dangdang.com/25113288.html,images/model/guan/url_none.png
106, Python 3.x全栈开发从入门到精通,68.30,清华大学出版社,2,http://product.dangdang.com/27866441.html,images/model/guan/url_none.png
107, Python 3.6零基础入门与实战,46.60,清华大学出版社,83,http://product.dangdang.com/25342576.html,images/model/guan/url_none.png
108, Python程序设计案例教程――从入门到机器学习（微课版）,46.60,清华大学出版社,84,http://product.dangdang.com/25344268.html,images/model/guan/url_none.png
109, Python机器学习 5个数据科学家案例解析,39.30,机械工业出版社,169,http://product.dangdang.com/25535015.html,images/model/guan/url_none.png
110, Python深度学习：基于TensorFlow,58.60,机械工业出版社,618,http://product.dangdang.com/25479613.html,images/model/guan/url_none.png
111, Python高级数据分析：机器学习、深度学习和NLP实例,46.60,人民邮电出版社,51,http://product.dangdang.com/26509514.html,images/model/guan/url_none.png
112, Python地理空间分析指南（第2版）,62.40,人民邮电出版社,918,http://product.dangdang.com/24242810.html,images/model/guan/url_none.png
113, 青少年Python编程入门,31.00,人民邮电出版社,0,http://product.dangdang.com/27869934.html,images/model/guan/url_none.png
114, Python极客项目编程,54.50,电子工业出版社,768,http://product.dangdang.com/25060153.html,images/model/guan/url_none.png
115, 物联网Python开发实战,61.40,清华大学出版社,387,http://product.dangdang.com/25244043.html,images/model/guan/url_none.png
116, Python网络爬虫实战,63.00,清华大学出版社,4,http://product.dangdang.com/27862922.html,images/model/guan/url_none.png
117, Python微控制器编程从零开始 使用MicroPython,39.30,人民邮电出版社,175,http://product.dangdang.com/25330163.html,images/model/guan/url_none.png
118, Python参考手册 第4版 修订版,70.30,电子工业出版社,1362,http://product.dangdang.com/24047813.html,images/model/guan/url_none.png
119, Python带我起飞――入门、进阶、商业实战（python入门级，小白快速上手）,70.30,电子工业出版社,609,http://product.dangdang.com/25296509.html,images/model/guan/url_none.png
120, Python数据分析从入门到精通,61.40,水利水电出版社,1173,http://product.dangdang.com/25240877.html,http://img3m7.ddimg.cn/35/32/25240877-1_b_2.jpg
121, Python程序员面试宝典,68.80,机械工业出版社,113,http://product.dangdang.com/27852134.html,images/model/guan/url_none.png
122, Python程序员面试算法宝典,48.30,机械工业出版社,513,http://product.dangdang.com/25351230.html,images/model/guan/url_none.png
123, Python学习手册：第4版（涵盖Python2.6和3.X）,94.00,人民邮电出版社,7242,http://product.dangdang.com/21063086.html,images/model/guan/url_none.png
124, Python地理数据处理,62.40,北京大学出版社,526,http://product.dangdang.com/25097337.html,images/model/guan/url_none.png
125, Python 3 数据分析与机器学习实战,53.40,清华大学出版社,669,http://product.dangdang.com/25325809.html,images/model/guan/url_none.png
126, Python Web自动化测试设计与实现,62.40,人民邮电出版社,72,http://product.dangdang.com/26917182.html,images/model/guan/url_none.png
127, Python机器学习,62.40,人民邮电出版社,140,http://product.dangdang.com/26514294.html,images/model/guan/url_none.png
128, 父与子的编程之旅：与小卡特一起学Python,54.50,人民邮电出版社,5113,http://product.dangdang.com/23598327.html,images/model/guan/url_none.png
129, Python计算机视觉编程【陈熙霖作序推荐！ Amazon.com计算机视觉类图书卖的很好的作品！】,54.50,电子工业出版社,1833,http://product.dangdang.com/23492776.html,images/model/guan/url_none.png
130, Python Web开发实战,93.50,人民邮电出版社,1107,http://product.dangdang.com/24029839.html,images/model/guan/url_none.png
131, Python经典实例,109.80,人民邮电出版社,40,http://product.dangdang.com/26913257.html,images/model/guan/url_none.png
132, Python数据分析基础,54.50,机械工业出版社,1375,http://product.dangdang.com/25139426.html,images/model/guan/url_none.png
133, 精通Python网络爬虫：核心技术、框架与项目实战,54.50,人民邮电出版社,1374,http://product.dangdang.com/24227543.html,images/model/guan/url_none.png
134, Python和NLTK自然语言处理,109.00,人民邮电出版社,25,http://product.dangdang.com/26919645.html,images/model/guan/url_none.png
135, Python程序设计 第3版,47.60,机械工业出版社,1851,http://product.dangdang.com/25218232.html,images/model/guan/url_none.png
136, 数据结构与算法：Python语言实现,92.60,电子工业出版社,470,http://product.dangdang.com/25340656.html,images/model/guan/url_none.png
137, Python编程基础与HTTP接口测试,31.00,清华大学出版社,328,http://product.dangdang.com/25210301.html,images/model/guan/url_none.png
138, Python设计模式,77.40,电子工业出版社,76,http://product.dangdang.com/26315940.html,images/model/guan/url_none.png
139, Python 3学习笔记（上卷）,79.20,电子工业出版社,1634,http://product.dangdang.com/25218055.html,images/model/guan/url_none.png
140, Python数据分析入门――从数据获取到可视化,52.50,清华大学出版社,635,http://product.dangdang.com/25247679.html,images/model/guan/url_none.png
141, Python机器学习及实践---- 从零开始通往Kaggle竞赛之路,38.70,机械工业出版社,1043,http://product.dangdang.com/24043260.html,images/model/guan/url_none.png
142, 实用卷积神经网络:运用Python实现高级深度学习模型,54.50,人民邮电出版社,7,http://product.dangdang.com/27850574.html,images/model/guan/url_none.png
143, Python测试之道,47.20,人民邮电出版社,912,http://product.dangdang.com/25293877.html,images/model/guan/url_none.png
144, Python网络编程 第3版,62.40,机械工业出版社,701,http://product.dangdang.com/24034842.html,images/model/guan/url_none.png
145, Python网络爬虫从入门到实践,33.20,清华大学出版社,1719,http://product.dangdang.com/25162123.html,images/model/guan/url_none.png
146, Python 3.7编程快速入门,46.60,电子工业出版社,36,http://product.dangdang.com/26488843.html,images/model/guan/url_none.png
147, 量化投资：以Python为工具,87.40,人民邮电出版社,2936,http://product.dangdang.com/24169768.html,images/model/guan/url_none.png
148, Python数据分析与应用,34.30,人民邮电出版社,493,http://product.dangdang.com/25249785.html,images/model/guan/url_none.png
149, 编程的乐趣 用Python解算法谜题,46.60,人民邮电出版社,1,http://product.dangdang.com/27872613.html,images/model/guan/url_none.png
150, Python爬虫开发 从入门到实战（微课版）,34.30,人民邮电出版社,349,http://product.dangdang.com/25349717.html,images/model/guan/url_none.png
151, Python深度学习,46.60,清华大学出版社,761,http://product.dangdang.com/25286949.html,images/model/guan/url_none.png
152, Python 3.6从入门到精通（视频教学版）,75.60,人民邮电出版社,16,http://product.dangdang.com/25572687.html,images/model/guan/url_none.png
153, 趣学Python编程,32.70,中国铁道出版社,1835,http://product.dangdang.com/23426467.html,images/model/guan/url_none.png
154, Python量化交易实战入门与技巧,61.40,机械工业出版社,266,http://product.dangdang.com/25343972.html,images/model/guan/url_none.png
155, Python自动化运维：技术与最佳实践,54.50,清华大学出版社,2549,http://product.dangdang.com/23593858.html,images/model/guan/url_none.png
156, Python可以这样学,47.60,人民邮电出版社,680,http://product.dangdang.com/24180463.html,images/model/guan/url_none.png
157, 数据结构 Python语言描述,50.00,清华大学出版社,4012,http://product.dangdang.com/25195904.html,images/model/guan/url_none.png
158, Python网络编程(Linux),33.10,机械工业出版社,110,http://product.dangdang.com/25340081.html,images/model/guan/url_none.png
159, Python语言程序设计(Daniel Liang[梁勇]博士系列丛书之一，以实例教，由实践学，采用基础先行、问题驱动,54.50,电子工业出版社,731,http://product.dangdang.com/23689934.html,images/model/guan/url_none.png
160, Python大战机器学习：数据科学家的第一个小目标,61.40,机械工业出版社,2188,http://product.dangdang.com/24195827.html,images/model/guan/url_none.png
161, 零基础学Python(300个实例、64个练习题，超值大容量DVD包含教学视频、源代码、PPT),62.40,机械工业出版社,1090,http://product.dangdang.com/23663228.html,images/model/guan/url_none.png
162, Python数据科学：技术详解与商业实践,78.20,人民邮电出版社,213,http://product.dangdang.com/25310840.html,images/model/guan/url_none.png
163, 青少年学Python,57.30,人民邮电出版社,444,http://product.dangdang.com/25297440.html,images/model/guan/url_none.png
164, 像计算机科学家一样思考Python 第2版,35.50,人民邮电出版社,2028,http://product.dangdang.com/24003387.html,images/model/guan/url_none.png
165, Python和Pygame游戏开发指南,46.60,陕西科学技术出版社,349,http://product.dangdang.com/23833122.html,images/model/guan/url_none.png
166, Python趣码快乐编程,46.00,电子工业出版社,0,http://product.dangdang.com/27870338.html,images/model/guan/url_none.png
167, Python高效开发实战――Django、Tornado、Flask、Twisted,79.20,机械工业出版社,1424,http://product.dangdang.com/24058511.html,images/model/guan/url_none.png
168, Python金融数据分析,54.50,人民邮电出版社,206,http://product.dangdang.com/25255618.html,images/model/guan/url_none.png
169, Python黑客攻防入门,46.60,机械工业出版社,564,http://product.dangdang.com/25219985.html,images/model/guan/url_none.png
170, Python爬虫开发与项目实战,62.40,机械工业出版社,1653,http://product.dangdang.com/25091587.html,images/model/guan/url_none.png
171, Python文本分析,62.40,机械工业出版社,347,http://product.dangdang.com/25270163.html,images/model/guan/url_none.png
172, Python树莓派编程,38.70,人民邮电出版社,415,http://product.dangdang.com/24102279.html,images/model/guan/url_none.png
173, Python贝叶斯分析,54.50,人民邮电出版社,657,http://product.dangdang.com/25219984.html,images/model/guan/url_none.png
174, Python核心编程 第3版 英文版,68.30,人民邮电出版社,470,http://product.dangdang.com/23928875.html,images/model/guan/url_none.png
175, Python数字信号处理应用,35.50,中国铁道出版社,348,http://product.dangdang.com/25232652.html,images/model/guan/url_none.png
176, Python数据爬取技术与实战手册,53.20,人民邮电出版社,128,http://product.dangdang.com/25343936.html,images/model/guan/url_none.png
177, Python 3程序开发指南（第2版 修订版）,54.50,人民邮电出版社,1247,http://product.dangdang.com/23656113.html,images/model/guan/url_none.png
178, Python数据处理,78.20,人民邮电出版社,1071,http://product.dangdang.com/25107100.html,images/model/guan/url_none.png
179, Python基础教程(第2版・修订版),54.50,电子工业出版社,29114,http://product.dangdang.com/23473514.html,images/model/guan/url_none.png
180, Python程序设计基础教程,33.80,电子工业出版社,4,http://product.dangdang.com/26511975.html,http://img3m5.ddimg.cn/72/32/26511975-1_b_3.jpg
181, 从芯片到云端：Python物联网全栈开发实践,105.90,电子工业出版社,243,http://product.dangdang.com/25182996.html,images/model/guan/url_none.png
182, Python编程：从数据分析到数据科学,53.70,清华大学出版社,48,http://product.dangdang.com/26490435.html,images/model/guan/url_none.png
183, 从Python开始学编程,43.60,人民邮电出版社,434,http://product.dangdang.com/24142439.html,images/model/guan/url_none.png
184, 乐学Python编程-做个游戏很简单,55.10,清华大学出版社,1,http://product.dangdang.com/27862928.html,images/model/guan/url_none.png
185, Python入门经典,30.80,人民邮电出版社,666,http://product.dangdang.com/23584027.html,images/model/guan/url_none.png
186, 图解算法――使用Python,38.70,清华大学出版社,134,http://product.dangdang.com/25535042.html,images/model/guan/url_none.png
187, Python 3.0科学计算指南,54.50,清华大学出版社,131,http://product.dangdang.com/25299664.html,images/model/guan/url_none.png
188, 人工智能基础教程：Python篇（青少版）,39.30,电子工业出版社,84,http://product.dangdang.com/26918601.html,images/model/guan/url_none.png
189, Python网络爬虫实战（第2版）,62.40,人民邮电出版社,103,http://product.dangdang.com/25341237.html,images/model/guan/url_none.png
190, Python机器学习算法,61.40,华中科技大学出版社,849,http://product.dangdang.com/25100931.html,images/model/guan/url_none.png
191, Python快速编程入门,33.80,清华大学出版社,350,http://product.dangdang.com/25156894.html,images/model/guan/url_none.png
192, Python语言程序设计基础,36.30,电子工业出版社,0,http://product.dangdang.com/27869821.html,images/model/guan/url_none.png
193, 小天才学Python（教学指导）,33.20,机械工业出版社,57,http://product.dangdang.com/26918605.html,images/model/guan/url_none.png
194, Python与神经网络实战,70.30,清华大学出版社,203,http://product.dangdang.com/25310752.html,images/model/guan/url_none.png
195, Python强化学习实战：应用OpenAI Gym和TensorFlow精通强化学习和深度强化学习,47.60,电子工业出版社,120,http://product.dangdang.com/26435983.html,images/model/guan/url_none.png
196, Python轻松学:爬虫、游戏与架站,46.60,西安电子科技大学出版社,14,http://product.dangdang.com/26918588.html,images/model/guan/url_none.png
197, 跟老齐学Python：Django实战（第2版）,70.30,人民邮电出版社,112,http://product.dangdang.com/26909544.html,images/model/guan/url_none.png
198, Python程序设计与案例教程,29.20,人民邮电出版社,2,http://product.dangdang.com/26510672.html,images/model/guan/url_none.png
199, Python金融实战,54.50,机械工业出版社,625,http://product.dangdang.com/25107103.html,images/model/guan/url_none.png
200, Python 3 基础教程,35.70,人民邮电出版社,621,http://product.dangdang.com/24058017.html,images/model/guan/url_none.png
201, 量化交易之路 用Python做股票量化分析,66.00,电子工业出版社,1853,http://product.dangdang.com/25159105.html,images/model/guan/url_none.png
202, Python科学计算最佳实践 SciPy指南,54.50,人民邮电出版社,102,http://product.dangdang.com/26203214.html,images/model/guan/url_none.png
203, 零起点Python大数据与量化交易,88.10,电子工业出版社,1950,http://product.dangdang.com/24169777.html,images/model/guan/url_none.png
204, Python趣味编程入门,33.80,电子工业出版社,127,http://product.dangdang.com/25323526.html,images/model/guan/url_none.png
205, Python绝技：运用Python成为顶级数据工程师,70.30,机械工业出版社,222,http://product.dangdang.com/25284224.html,images/model/guan/url_none.png
206, OpenCV算法精解：基于Python与C++,62.60,清华大学出版社,1048,http://product.dangdang.com/25182999.html,images/model/guan/url_none.png
207, Odoo快速入门与实战：Python开发ERP指南,62.40,电子工业出版社,0,http://product.dangdang.com/27871515.html,images/model/guan/url_none.png
208, Python+Spark 2.0+Hadoop机器学习与大数据实战,78.20,电子工业出版社,916,http://product.dangdang.com/25213411.html,images/model/guan/url_none.png
209, 机器学习――Python实践,52.50,电子工业出版社,937,http://product.dangdang.com/25199640.html,images/model/guan/url_none.png
210, Python数据分析：基于Plotly的动态可视化绘图,70.30,人民邮电出版社,208,http://product.dangdang.com/25279160.html,images/model/guan/url_none.png
211, 跟老齐学Python：数据分析,70.30,机械工业出版社,313,http://product.dangdang.com/25294011.html,images/model/guan/url_none.png
212, Python编程基础,27.40,电子工业出版社,141,http://product.dangdang.com/25246531.html,images/model/guan/url_none.png
213, Python 深度学习实战：75个有关神经网络建模、强化学习与迁移学习的解决方案,54.50,清华大学出版社,331,http://product.dangdang.com/25299713.html,images/model/guan/url_none.png
214, 虫术――Python绝技,88.10,人民邮电出版社,405,http://product.dangdang.com/25306217.html,images/model/guan/url_none.png
215, 用Python玩转树莓派和MegaPi,26.90,水利水电出版社,0,http://product.dangdang.com/27874819.html,images/model/guan/url_none.png
216, Python测试驱动开发 使用Django Selenium和JavaScript进行Web编程 第2版,94.00,中国铁道出版社,190,http://product.dangdang.com/25304157.html,images/model/guan/url_none.png
217, Python与有限元,44.90,东南大学出版社,241,http://product.dangdang.com/25216052.html,images/model/guan/url_none.png
218, Python应用编程丛书：Python实战编程：从零学Python,97.20,机械工业出版社,26,http://product.dangdang.com/25536959.html,images/model/guan/url_none.png
219, Python网络数据采集 第2版（影印版）,61.40,电子工业出版社,35,http://product.dangdang.com/25585421.html,images/model/guan/url_none.png
220, 自然语言处理Python进阶,46.60,电子工业出版社,48,http://product.dangdang.com/26509831.html,images/model/guan/url_none.png
221, Python生物信息学数据管理,47.60,机械工业出版社,489,http://product.dangdang.com/24172474.html,images/model/guan/url_none.png
222, Python机器学习与量化投资,70.30,电子工业出版社,9,http://product.dangdang.com/26445010.html,images/model/guan/url_none.png
223, Effective Python:编写高质量Python代码的59个有效方法,43.80,人民邮电出版社,1231,http://product.dangdang.com/23895603.html,images/model/guan/url_none.png
224, Python Qt GUI快速编程――PyQt编程指南,62.40,人民邮电出版社,769,http://product.dangdang.com/24031641.html,images/model/guan/url_none.png
225, Python语言及其应用,62.40,清华大学出版社,832,http://product.dangdang.com/23818124.html,images/model/guan/url_none.png
226, Python物理学高效计算,68.30,人民邮电出版社,207,http://product.dangdang.com/25224247.html,images/model/guan/url_none.png
227, Python深度学习,46.60,机械工业出版社,42,http://product.dangdang.com/26183501.html,images/model/guan/url_none.png
228, Python数据分析,46.60,机械工业出版社,843,http://product.dangdang.com/23906157.html,images/model/guan/url_none.png
229, Python与数据挖掘,38.70,人民邮电出版社,506,http://product.dangdang.com/24144182.html,images/model/guan/url_none.png
230, Python程序设计基础,84.10,人民邮电出版社,18,http://product.dangdang.com/25584176.html,images/model/guan/url_none.png
231, Python网络爬虫实例教程（视频讲解版）,34.30,东南大学出版社,229,http://product.dangdang.com/25325599.html,images/model/guan/url_none.png
232, Python密码学编程,47.60,清华大学出版社,336,http://product.dangdang.com/24013689.html,images/model/guan/url_none.png
233, Python数据分析 第2版（影印版）,68.30,机械工业出版社,39,http://product.dangdang.com/25242265.html,images/model/guan/url_none.png
234, Python新手使用Django架站的16堂课,70.30,机械工业出版社,907,http://product.dangdang.com/25060826.html,images/model/guan/url_none.png
235, Python语言在Abaqus中的应用,37.30,电子工业出版社,1071,http://product.dangdang.com/22479069.html,images/model/guan/url_none.png
236, Python机器学习,62.40,电子工业出版社,1288,http://product.dangdang.com/24224397.html,images/model/guan/url_none.png
237, Python编程基础与案例集锦（中学版）,45.80,机械工业出版社,12,http://product.dangdang.com/26922174.html,images/model/guan/url_none.png
238, 少博士趣学Python,71.10,机械工业出版社,78,http://product.dangdang.com/26913662.html,images/model/guan/url_none.png
239, 从零开始学Python数据分析（视频教学版）,51.20,人民邮电出版社,417,http://product.dangdang.com/25329248.html,images/model/guan/url_none.png
240, Python网络爬虫从入门到实践 第2版,47.60,人民邮电出版社,0,http://product.dangdang.com/27882003.html,http://img3m3.ddimg.cn/39/24/27882003-1_b_1.jpg
241, Python数据分析基础教程：NumPy学习指南(第2版),38.70,清华大学出版社,822,http://product.dangdang.com/23399185.html,images/model/guan/url_none.png
242, Python应用开发实战,62.40,清华大学出版社,235,http://product.dangdang.com/25271229.html,images/model/guan/url_none.png
243, Python程序设计――从基础开发到数据分析（微课版）,62.00,中国铁道出版社,0,http://product.dangdang.com/27882053.html,images/model/guan/url_none.png
244, Python项目开发实战,63.00,电子工业出版社,44,http://product.dangdang.com/26482919.html,images/model/guan/url_none.png
245, Python数据分析与应用：从数据获取到可视化,45.80,人民邮电出版社,15,http://product.dangdang.com/26917322.html,images/model/guan/url_none.png
246, Python程序设计,78.30,东南大学出版社,0,http://product.dangdang.com/27859998.html,images/model/guan/url_none.png
247, Python高手之路 第3版,37.90,机械工业出版社,280,http://product.dangdang.com/24147202.html,images/model/guan/url_none.png
248, Python机器学习 第2版（影印版）,75.20,人民邮电出版社,48,http://product.dangdang.com/25351151.html,images/model/guan/url_none.png
249, 机器学习：使用OpenCV和Python进行智能图像处理,51.20,人民邮电出版社,599,http://product.dangdang.com/25585197.html,images/model/guan/url_none.png
250, Python基础教程,38.20,清华大学出版社,347,http://product.dangdang.com/23765633.html,images/model/guan/url_none.png
251, 【预订】Python Bytes: An ABC Introduction to Programming for To,101.90,人民邮电出版社,1,http://product.dangdang.com/27638104.html,images/model/guan/url_none.png
252, Python基础教程（附教学视频）,35.70,电子工业出版社,34,http://product.dangdang.com/26254914.html,images/model/guan/url_none.png
253, 玩转Python网络爬虫,54.50,电子工业出版社,162,http://product.dangdang.com/25299612.html,images/model/guan/url_none.png
254, Python社会媒体挖掘,54.50,人民邮电出版社,69,http://product.dangdang.com/25573749.html,images/model/guan/url_none.png
255, OpenCV轻松入门：面向Python,78.20,机械工业出版社,1,http://product.dangdang.com/27876020.html,images/model/guan/url_none.png
256, 零基础学编程：树莓派和Python,43.60,人民邮电出版社,125,http://product.dangdang.com/25300454.html,images/model/guan/url_none.png
257, Python数据挖掘入门与实践,46.60,人民邮电出版社,849,http://product.dangdang.com/23997506.html,images/model/guan/url_none.png
258, Python自然语言处理,62.40,人民邮电出版社,79,http://product.dangdang.com/25340688.html,images/model/guan/url_none.png
259, Flask Web开发 基于Python的Web应用开发实战 第2版,54.50,人民邮电出版社,614,http://product.dangdang.com/25333105.html,images/model/guan/url_none.png
260, Python物理建模初学者指南,46.60,机械工业出版社,190,http://product.dangdang.com/25191625.html,images/model/guan/url_none.png
261, Django企业开发实战 高效Python Web框架指南,78.20,电子工业出版社,225,http://product.dangdang.com/26509799.html,images/model/guan/url_none.png
262, Python机器学习经典实例,46.60,人民邮电出版社,814,http://product.dangdang.com/25152513.html,images/model/guan/url_none.png
263, Python机器学习实践：测试驱动的开发方法,46.60,机械工业出版社,178,http://product.dangdang.com/25192670.html,images/model/guan/url_none.png
264, Python实用教程,35.20,中国铁道出版社,0,http://product.dangdang.com/27879539.html,images/model/guan/url_none.png
265, Python高性能 第2版,46.60,人民邮电出版社,76,http://product.dangdang.com/25329022.html,images/model/guan/url_none.png
266, Python数据可视化,47.60,机械工业出版社,371,http://product.dangdang.com/24247975.html,images/model/guan/url_none.png
267, Python语言程序设计,28.80,人民邮电出版社,0,http://product.dangdang.com/27865955.html,images/model/guan/url_none.png
268, 编程超有趣 奇妙Python轻松学 第1辑,50.00,电子工业出版社,343,http://product.dangdang.com/25324475.html,images/model/guan/url_none.png
269, Python程序设计,62.40,清华大学出版社,310,http://product.dangdang.com/23917218.html,images/model/guan/url_none.png
270, 贝叶斯思维 统计建模的Python学习法,35.50,电子工业出版社,3864,http://product.dangdang.com/23667149.html,images/model/guan/url_none.png
271, Web接口开发与自动化测试――基于Python语言,46.80,东南大学出版社,2335,http://product.dangdang.com/24244869.html,images/model/guan/url_none.png
272, Python快速入门精讲,38.70,高等教育出版社,5,http://product.dangdang.com/26924581.html,images/model/guan/url_none.png
273, Python 并行编程手册,52.50,清华大学出版社,17,http://product.dangdang.com/25262468.html,images/model/guan/url_none.png
274, Python自然语言处理（影印版）,73.10,清华大学出版社,16,http://product.dangdang.com/25351152.html,images/model/guan/url_none.png
275, 全国计算机等级考试二级教程--Python语言程序设计(2019年版),36.50,电子工业出版社,663,http://product.dangdang.com/26183967.html,images/model/guan/url_none.png
276, Python 3.5从零开始学,46.60,电子工业出版社,2732,http://product.dangdang.com/25123327.html,images/model/guan/url_none.png
277, Python 程序设计基础实战教程,35.50,东南大学出版社,84,http://product.dangdang.com/25240981.html,images/model/guan/url_none.png
278, 机器人Python青少年编程开发实例,52.50,人民邮电出版社,154,http://product.dangdang.com/25231909.html,images/model/guan/url_none.png
279, 跟老齐学Python：轻松入门,52.50,人民邮电出版社,734,http://product.dangdang.com/24220959.html,images/model/guan/url_none.png
280, Python机器学习经典实例（影印版）,66.20,电子工业出版社,26,http://product.dangdang.com/25585420.html,images/model/guan/url_none.png
281, 精通Python自然语言处理,46.60,清华大学出版社,679,http://product.dangdang.com/25139167.html,images/model/guan/url_none.png
282, Python全栈数据工程师养成攻略（视频讲解版）,41.20,机械工业出版社,213,http://product.dangdang.com/25202870.html,images/model/guan/url_none.png
283, 自动化平台测试开发：Python测试开发实战,61.40,机械工业出版社,542,http://product.dangdang.com/25292087.html,images/model/guan/url_none.png
284, Python程序设计开发宝典,47.60,电子工业出版社,209,http://product.dangdang.com/25121677.html,images/model/guan/url_none.png
285, 从零开始学Python网络爬虫,43.80,电子工业出版社,1479,http://product.dangdang.com/25182747.html,images/model/guan/url_none.png
286, Python 3.x入门到应用实践,62.40,机械工业出版社,1,http://product.dangdang.com/27857715.html,images/model/guan/url_none.png
287, 轻松掌握BBC micro:bit上Python编程（全彩）,61.40,电子工业出版社,0,http://product.dangdang.com/27879547.html,images/model/guan/url_none.png
288, Python全栈开发实践入门,61.40,清华大学出版社,143,http://product.dangdang.com/25183008.html,images/model/guan/url_none.png
289, Python3.6编程实践指南 计算机科学入门 原书第3版,54.50,东南大学出版社,22,http://product.dangdang.com/26241663.html,images/model/guan/url_none.png
290, 零起点Python足彩大数据与机器学习实盘分析,88.10,机械工业出版社,488,http://product.dangdang.com/25065665.html,images/model/guan/url_none.png
291, Python程序设计与算法基础教程,59.00,浙江大学出版社,282,http://product.dangdang.com/25085366.html,images/model/guan/url_none.png
292, Python数据科学手册（影印版）,74.50,人民邮电出版社,58,http://product.dangdang.com/25311673.html,images/model/guan/url_none.png
293, 数据结构与算法：Python语言描述,43.10,清华大学出版社,1641,http://product.dangdang.com/23851162.html,images/model/guan/url_none.png
294, Python程序设计,33.70,东南大学出版社,12,http://product.dangdang.com/26910157.html,images/model/guan/url_none.png
295, 程序员学Python,70.30,机械工业出版社,122,http://product.dangdang.com/25320370.html,images/model/guan/url_none.png
296, Python 网络爬虫实战,46.60,清华大学出版社,653,http://product.dangdang.com/24168054.html,images/model/guan/url_none.png
297, Python漫游指南（影印版）[The Hitchhiker's Guide to Python],60.70,电子工业出版社,30,http://product.dangdang.com/25169050.html,images/model/guan/url_none.png
298, 自学Python 编程基础、科学计算及数据分析,54.50,清华大学出版社,268,http://product.dangdang.com/25245669.html,images/model/guan/url_none.png
299, Python编程与问题求解,49.60,清华大学出版社,39,http://product.dangdang.com/25185071.html,images/model/guan/url_none.png
300, Python云原生：构建应对海量用户数据的高可扩展Web应用,79.20,电子工业出版社,98,http://product.dangdang.com/25286948.html,http://img3m8.ddimg.cn/71/1/25286948-1_b_4.jpg
301, Python程序设计（第2版）,49.00,机械工业出版社,396,http://product.dangdang.com/23969371.html,images/model/guan/url_none.png
302, 量化投资与Python语言,29.00,清华大学出版社,35,http://product.dangdang.com/25297801.html,images/model/guan/url_none.png
303, Selenium 2自动化测试实战――基于Python语言,46.80,水利水电出版社,3463,http://product.dangdang.com/23851258.html,images/model/guan/url_none.png
304, OpenCV 3计算机视觉：Python语言实现（原书第2版）,36.30,人民邮电出版社,2045,http://product.dangdang.com/23985571.html,images/model/guan/url_none.png
305, Python语言程序设计,39.00,清华大学出版社,12,http://product.dangdang.com/26910215.html,images/model/guan/url_none.png
306, Python基础实例教程（普通高等教育“十三五”规划教材（计算机专业群））,24.60,人民邮电出版社,9,http://product.dangdang.com/26916240.html,images/model/guan/url_none.png
307, Python数据可视化编程实战,38.70,中国人民大学出版社,1020,http://product.dangdang.com/23684243.html,images/model/guan/url_none.png
308, 图解数据结构--使用Python,54.50,人民邮电出版社,333,http://product.dangdang.com/25259498.html,images/model/guan/url_none.png
309, Python数据科学入门,54.50,机械工业出版社,130,http://product.dangdang.com/25272520.html,images/model/guan/url_none.png
310, Python――统计人的视角(统计数据分析与应用丛书),31.90,人民邮电出版社,254,http://product.dangdang.com/25231173.html,images/model/guan/url_none.png
311, 零基础学Python（图文版）,54.50,中国铁道出版社,248,http://product.dangdang.com/23731352.html,images/model/guan/url_none.png
312, 面向自然语言处理的深度学习：用Python创建神经网络,54.50,人民邮电出版社,98,http://product.dangdang.com/26516372.html,images/model/guan/url_none.png
313, Python基础实例教程（微课版）,34.30,机械工业出版社,49,http://product.dangdang.com/25349714.html,images/model/guan/url_none.png
314, Python应用编程丛书:解析Python网络爬虫：核心技术、Scrapy框架、分布式爬虫,46.80,化学工业出版社,31,http://product.dangdang.com/25343952.html,images/model/guan/url_none.png
315, 树莓派Python编程入门与实战（第2版）,47.60,人民邮电出版社,248,http://product.dangdang.com/24010144.html,images/model/guan/url_none.png
316, Python数据分析与数据化运营 第2版,89.00,电子工业出版社,0,http://product.dangdang.com/27884912.html,images/model/guan/url_none.png
317, 人工智能开发语言――Python,69.40,人民邮电出版社,52,http://product.dangdang.com/26511189.html,images/model/guan/url_none.png
318, Python性能分析与优化,31.00,东南大学出版社,143,http://product.dangdang.com/23985333.html,images/model/guan/url_none.png
319, Python程序设计教程,35.40,电子工业出版社,148,http://product.dangdang.com/25120255.html,images/model/guan/url_none.png
320, Python科学计算基础教程,38.70,人民邮电出版社,300,http://product.dangdang.com/24103416.html,images/model/guan/url_none.png
321, Python 3面向对象编程 第2版（影印版）,63.30,清华大学出版社,48,http://product.dangdang.com/25079360.html,images/model/guan/url_none.png
322, 机器人Python极客编程入门与实战,52.50,机械工业出版社,335,http://product.dangdang.com/25123689.html,images/model/guan/url_none.png
323, Python 3 程序设计,42.30,电子工业出版社,7,http://product.dangdang.com/26909455.html,images/model/guan/url_none.png
324, Python学习从入门到实践,33.10,电子工业出版社,144,http://product.dangdang.com/25203952.html,images/model/guan/url_none.png
325, Python语言程序设计,41.60,电子工业出版社,8,http://product.dangdang.com/26914379.html,images/model/guan/url_none.png
326, 21天学通Python（第2版）,53.20,人民邮电出版社,174,http://product.dangdang.com/25242552.html,images/model/guan/url_none.png
327, 跟老齐学Python：Django实战,61.40,人民邮电出版社,836,http://product.dangdang.com/25168139.html,images/model/guan/url_none.png
328, Python数据抓取技术与实战,43.60,机械工业出版社,162,http://product.dangdang.com/24033144.html,images/model/guan/url_none.png
329, ABAQUS Python二次开发攻略 CAE分析大系,47.20,电子工业出版社,841,http://product.dangdang.com/23940934.html,images/model/guan/url_none.png
330, 数据结构――Python语言描述,59.30,清华大学出版社,83,http://product.dangdang.com/25325842.html,images/model/guan/url_none.png
331, 数据科学与分析：Python语言实现,54.50,机械工业出版社,3,http://product.dangdang.com/27857142.html,images/model/guan/url_none.png
332, Python数据分析基础教程,31.00,清华大学出版社,35,http://product.dangdang.com/25576410.html,images/model/guan/url_none.png
333, Python程序设计实验指导书,32.30,高等教育出版社,2,http://product.dangdang.com/27856609.html,images/model/guan/url_none.png
334, Python即学即用,44.50,人民邮电出版社,76,http://product.dangdang.com/24045630.html,images/model/guan/url_none.png
335, Python数据分析基础,32.30,东南大学出版社,118,http://product.dangdang.com/25161961.html,images/model/guan/url_none.png
336, Python程序设计,33.00,电子工业出版社,23,http://product.dangdang.com/26772509.html,images/model/guan/url_none.png
337, 从零开始学Python 第2版,54.50,人民邮电出版社,8,http://product.dangdang.com/27851753.html,images/model/guan/url_none.png
338, 精通Python网络编程 第2版（影印版）,73.10,人民邮电出版社,1,http://product.dangdang.com/27856691.html,images/model/guan/url_none.png
339, Python语言程序设计,37.40,清华大学出版社,113,http://product.dangdang.com/23956641.html,images/model/guan/url_none.png
340, 达人迷 Python趣味编程10例,61.40,机械工业出版社,124,http://product.dangdang.com/25286317.html,images/model/guan/url_none.png
341, 利用Python开源工具分析恶意代码,78.20,水利水电出版社,147,http://product.dangdang.com/25210294.html,images/model/guan/url_none.png
342, Python程序设计实用教程,56.00,清华大学出版社,43,http://product.dangdang.com/25288911.html,images/model/guan/url_none.png
343, Python数据科学导论：概念、技术与应用,46.60,电子工业出版社,28,http://product.dangdang.com/25331763.html,images/model/guan/url_none.png
344, Python程序设计与应用（应用型高等院校改革创新示范教材）,32.30,电子工业出版社,0,http://product.dangdang.com/27855646.html,images/model/guan/url_none.png
345, Python程序设计第一课,38.70,人民邮电出版社,35,http://product.dangdang.com/25344280.html,images/model/guan/url_none.png
346, Python实用教程（含典型案例视频分析）,53.80,机械工业出版社,0,http://product.dangdang.com/27848031.html,images/model/guan/url_none.png
347, PyQt5快速开发与实战,78.40,清华大学出版社,816,http://product.dangdang.com/25171220.html,images/model/guan/url_none.png
348, 基于ArcGIS的Python编程秘笈（第2版）,54.50,人民邮电出版社,583,http://product.dangdang.com/24181662.html,images/model/guan/url_none.png
349, 软件架构：Python语言实现,62.40,清华大学出版社,231,http://product.dangdang.com/25248553.html,images/model/guan/url_none.png
350, Python Web开发学习实录（配光盘）（Web程序员成功之路）,52.10,电子工业出版社,399,http://product.dangdang.com/22511531.html,images/model/guan/url_none.png
351, Python程序设计基础,42.30,电子工业出版社,3,http://product.dangdang.com/26484387.html,images/model/guan/url_none.png
352, Python开发案例教程,40.60,电子工业出版社,4,http://product.dangdang.com/26488844.html,images/model/guan/url_none.png
353, Python数据挖掘方法及应用,38.20,电子工业出版社,5,http://product.dangdang.com/26917225.html,images/model/guan/url_none.png
354, Python大学教程,32.70,人民邮电出版社,33,http://product.dangdang.com/25173211.html,images/model/guan/url_none.png
355, 零起点Python机器学习快速入门,52.50,人民邮电出版社,427,http://product.dangdang.com/25061627.html,images/model/guan/url_none.png
356, 11招玩转网络安全――用Python，更安全,61.40,清华大学出版社,204,http://product.dangdang.com/25292080.html,images/model/guan/url_none.png
357, Python编程基础,31.00,人民邮电出版社,101,http://product.dangdang.com/24058302.html,images/model/guan/url_none.png
358, 精通Python设计模式,31.00,机械工业出版社,369,http://product.dangdang.com/24003313.html,images/model/guan/url_none.png
359, Python程序设计入门到实战,54.50,人民邮电出版社,176,http://product.dangdang.com/24163008.html,images/model/guan/url_none.png
360, 卷积神经网络的Python实现,38.70,机械工业出版社,91,http://product.dangdang.com/26440824.html,http://img3m4.ddimg.cn/3/32/26440824-1_b_3.jpg
361, Spark数据分析:基于Python语言,65.60,电子工业出版社,5,http://product.dangdang.com/27857145.html,images/model/guan/url_none.png
362, 深度学习――基于Python语言和TensorFlow平台（视频讲解版）,34.30,科学出版社,225,http://product.dangdang.com/25316875.html,images/model/guan/url_none.png
363, Python数据科学导论,40.70,人民邮电出版社,93,http://product.dangdang.com/25159022.html,images/model/guan/url_none.png
364, 深度学习：基于Keras的Python实践,52.50,清华大学出版社,389,http://product.dangdang.com/25281601.html,images/model/guan/url_none.png
365, Python3程序设计基础,38.70,清华大学出版社,7,http://product.dangdang.com/26316281.html,images/model/guan/url_none.png
366, 贝叶斯方法 概率编程与贝叶斯推断,42.80,电子工业出版社,2543,http://product.dangdang.com/24162475.html,images/model/guan/url_none.png
367, Python算法与程序设计基础(第2版),49.00,电子工业出版社,58,http://product.dangdang.com/25233874.html,images/model/guan/url_none.png
368, 玩转Python轻松过二级,49.00,东南大学出版社,101,http://product.dangdang.com/25273956.html,images/model/guan/url_none.png
369, Python大学实用教程,43.60,人民邮电出版社,1,http://product.dangdang.com/26919021.html,images/model/guan/url_none.png
370, Python程序设计基础,27.20,清华大学出版社,273,http://product.dangdang.com/24156746.html,images/model/guan/url_none.png
371, Python并行编程参考手册（影印版）,47.40,机械工业出版社,51,http://product.dangdang.com/25074833.html,images/model/guan/url_none.png
372, Python编程基础与应用,33.80,中国铁道出版社,5,http://product.dangdang.com/26913034.html,images/model/guan/url_none.png
373, 经济金融数据分析及其Python应用,45.00,清华大学出版社,28,http://product.dangdang.com/26509242.html,images/model/guan/url_none.png
374, Python数据分析实战,54.50,东南大学出版社,147,http://product.dangdang.com/25154069.html,images/model/guan/url_none.png
375, Python语言程序设计基础,28.80,机械工业出版社,1,http://product.dangdang.com/26772466.html,images/model/guan/url_none.png
376, 中学生可以这样学Python,30.80,清华大学出版社,365,http://product.dangdang.com/25183060.html,images/model/guan/url_none.png
377, 实用数据科学和Python机器学习（影印版）,68.30,清华大学出版社,0,http://product.dangdang.com/27865483.html,images/model/guan/url_none.png
378, 预测分析：Python语言实现,40.70,机械工业出版社,132,http://product.dangdang.com/25138687.html,images/model/guan/url_none.png
379, Python程序设计教程,46.60,电子工业出版社,138,http://product.dangdang.com/24176512.html,images/model/guan/url_none.png
380, Python程序设计教程,32.70,上海交通大学出版社,95,http://product.dangdang.com/25168986.html,images/model/guan/url_none.png
381, 机器人系统设计与制作：Python语言实现,46.60,人民邮电出版社,302,http://product.dangdang.com/24229766.html,images/model/guan/url_none.png
382, 正则指引（第2版）,79.20,东南大学出版社,433,http://product.dangdang.com/25479327.html,images/model/guan/url_none.png
383, 语料库与python应用 语料库翻译学文库,45.00,南开大学出版社,139,http://product.dangdang.com/25342792.html,images/model/guan/url_none.png
384, Python开发基础,33.80,清华大学出版社,20,http://product.dangdang.com/25582936.html,images/model/guan/url_none.png
385, 流利的Python语言（影印版）,81.40,北京航空航天大学出版社,126,http://product.dangdang.com/24173123.html,images/model/guan/url_none.png
386, Python程序设计,38.70,人民邮电出版社,3,http://product.dangdang.com/25480594.html,images/model/guan/url_none.png
387, 编程导论――以Python为舟,69.80,机械工业出版社,52,http://product.dangdang.com/25347916.html,images/model/guan/url_none.png
388, Python网络数据爬取及分析从入门到精通（爬取篇）（内容讲解专业但不晦涩，实例分析实际但不枯燥）,41.20,清华大学出版社,64,http://product.dangdang.com/25282162.html,images/model/guan/url_none.png
389, 面向ArcGIS的Python脚本编程,33.80,清华大学出版社,754,http://product.dangdang.com/23592710.html,images/model/guan/url_none.png
390, Python基础编程与实践,46.00,人民邮电出版社,3,http://product.dangdang.com/26916587.html,images/model/guan/url_none.png
391, 金融工程及其Python应用,45.00,机械工业出版社,29,http://product.dangdang.com/26313784.html,images/model/guan/url_none.png
392, Python程序设计基础,25.00,清华大学出版社,101,http://product.dangdang.com/23766083.html,images/model/guan/url_none.png
393, 树莓派实战全攻略:Scratch、Python、Linux、Minecraft应用与机器人智能制作,94.80,水利水电出版社,159,http://product.dangdang.com/25302468.html,images/model/guan/url_none.png
394, R用户Python学习指南：数据科学方法,54.50,华东师范大学出版社,11,http://product.dangdang.com/25858549.html,images/model/guan/url_none.png
395, Python程序设计――从基础到开发,49.00,清华大学出版社,102,http://product.dangdang.com/25119405.html,images/model/guan/url_none.png
396, 毫无障碍学Python,45.80,机械工业出版社,1792,http://product.dangdang.com/25180878.html,images/model/guan/url_none.png
397, AI的幕后英雄：Python 中小学人工智能精品课程系列丛书,55.30,机械工业出版社,33,http://product.dangdang.com/26192791.html,images/model/guan/url_none.png
398, Python程序设计案例课堂,54.50,清华大学出版社,156,http://product.dangdang.com/25179383.html,images/model/guan/url_none.png
399, 【预订】Regular Expression Pocket Reference: Regular Expression,170.94,清华大学出版社,0,http://product.dangdang.com/27435337.html,images/model/guan/url_none.png
400, 程序设计导论：Python计算与应用开发实践（原书第2版）,84.10,水利水电出版社,15,http://product.dangdang.com/25584077.html,images/model/guan/url_none.png
401, Python硬件编程实战,33.80,清华大学出版社,60,http://product.dangdang.com/23652490.html,images/model/guan/url_none.png
402, Python语言,55.60,电子工业出版社,17,http://product.dangdang.com/26512016.html,images/model/guan/url_none.png
403, 二级Python编程指南,38.20,人民邮电出版社,0,http://product.dangdang.com/27872235.html,images/model/guan/url_none.png
404, Python程序设计教程（普通高等教育新工科人才培养规划教材（大数据专业））,28.90,人民邮电出版社,5,http://product.dangdang.com/25313788.html,images/model/guan/url_none.png
405, Python程序设计入门,32.30,清华大学出版社,19,http://product.dangdang.com/25308361.html,images/model/guan/url_none.png
406, 神经网络与深度学习――基于TensorFlow框架和Python技术实现,44.30,机械工业出版社,7,http://product.dangdang.com/27858959.html,images/model/guan/url_none.png
407, 零压力学Python,62.40,机械工业出版社,139,http://product.dangdang.com/25286558.html,images/model/guan/url_none.png
408, Keras深度学习实战,46.60,机械工业出版社,772,http://product.dangdang.com/25295969.html,images/model/guan/url_none.png
409, Python程序设计――计算思维视角,41.60,清华大学出版社,7,http://product.dangdang.com/26485745.html,images/model/guan/url_none.png
410, 营销数据科学：用R和Python进行预测分析的建模技术,67.10,人民邮电出版社,151,http://product.dangdang.com/24197261.html,images/model/guan/url_none.png
411, PySpark实战指南：利用Python和Spark构建数据密集型应用并规模化部署,38.70,机械工业出版社,441,http://product.dangdang.com/25190422.html,images/model/guan/url_none.png
412, 大数据的Python基础,31.40,清华大学出版社,0,http://product.dangdang.com/27874753.html,images/model/guan/url_none.png
413, Python程序设计基础,32.30,清华大学出版社,0,http://product.dangdang.com/27860191.html,images/model/guan/url_none.png
414, Selenium自动化测试 基于 Python 语言,38.70,机械工业出版社,845,http://product.dangdang.com/25213895.html,images/model/guan/url_none.png
415, Python程序设计 从编程基础到专业应用,35.70,清华大学出版社,3,http://product.dangdang.com/26916586.html,images/model/guan/url_none.png
416, 计算机科学导论――以Python为舟（第2版）,49.00,科学技术文献出版社,168,http://product.dangdang.com/24034054.html,images/model/guan/url_none.png
417, Python大学教程,50.30,电子工业出版社,10,http://product.dangdang.com/25344261.html,images/model/guan/url_none.png
418, Python程序设计,46.20,中国电力出版社,0,http://product.dangdang.com/27865548.html,images/model/guan/url_none.png
419, Python程序设计任务驱动式教程,59.00,机械工业出版社,10,http://product.dangdang.com/25273904.html,images/model/guan/url_none.png
420, Python机器学习实战,46.90,机械工业出版社,36,http://product.dangdang.com/25239093.html,http://img3m3.ddimg.cn/33/24/25239093-1_b_1.jpg
421, Keras快速上手：基于Python的深度学习实战,70.30,清华大学出版社,987,http://product.dangdang.com/25119333.html,images/model/guan/url_none.png
422, 基于Python的Google App Engine编程,69.50,北京航空航天大学出版社,27,http://product.dangdang.com/25183847.html,images/model/guan/url_none.png
423, Python程序设计基础教程,35.10,高等教育出版社,10,http://product.dangdang.com/25331762.html,images/model/guan/url_none.png
424, 数据科学导论：Python语言实现（原书第2版）,46.60,机械工业出版社,97,http://product.dangdang.com/25255904.html,images/model/guan/url_none.png
425, Python编程入门与案例详解,40.60,电子工业出版社,12,http://product.dangdang.com/25305882.html,images/model/guan/url_none.png
426, Python网络数据爬取及分析从入门到精通（分析篇）（内容讲解专业但不晦涩，实例分析实际但不枯燥）,41.20,清华大学出版社,44,http://product.dangdang.com/25282163.html,images/model/guan/url_none.png
427, Python程序设计与实现,35.00,机械工业出版社,8,http://product.dangdang.com/23904349.html,images/model/guan/url_none.png
428, Python数据科学实践指南,46.60,清华大学出版社,76,http://product.dangdang.com/25085492.html,images/model/guan/url_none.png
429, 深入浅出深度学习：原理剖析与Python实践,70.30,机械工业出版社,836,http://product.dangdang.com/25082459.html,images/model/guan/url_none.png
430, Python语言程序设计,33.10,清华大学出版社,41,http://product.dangdang.com/25198439.html,images/model/guan/url_none.png
431, 从零开始学Python程序设计,62.20,Keshown Cassell,73,http://product.dangdang.com/25200790.html,images/model/guan/url_none.png
432, Python 程序设计,33.10,人民邮电出版社,20,http://product.dangdang.com/25242395.html,images/model/guan/url_none.png
433, 机器学习系统设计：Python语言实现,46.60,Createspace Independent Publishing Platform,240,http://product.dangdang.com/25091599.html,images/model/guan/url_none.png
434, 学习编程第一步 零基础上手Python开发,63.00,清华大学出版社,75,http://product.dangdang.com/25306460.html,images/model/guan/url_none.png
435, 【预订】Reinforcement Learning with Python: Master Reinforcemen,180.80,清华大学出版社,0,http://product.dangdang.com/27306873.html,images/model/guan/url_none.png
436, 和孩子一起玩编程,47.60,电子工业出版社,693,http://product.dangdang.com/25230097.html,images/model/guan/url_none.png
437, 【预订】Python for Informatics: Exploring Information,111.51,机械工业出版社,0,http://product.dangdang.com/27789735.html,images/model/guan/url_none.png
438, Python实用教程,24.10,人民邮电出版社,35,http://product.dangdang.com/24046878.html,images/model/guan/url_none.png
439, 人工智能在信用债投资领域的应用：Python语言实践,54.50,华东师范大学出版社,47,http://product.dangdang.com/26184165.html,images/model/guan/url_none.png
440, Python语言及其应用,31.80,水利水电出版社,1,http://product.dangdang.com/25479313.html,images/model/guan/url_none.png
441, 预测分析建模：Python与R语言实现,62.40,清华大学出版社,272,http://product.dangdang.com/24035325.html,images/model/guan/url_none.png
442, 数据科学实战手册 第2版,54.50,清华大学出版社,82,http://product.dangdang.com/26439905.html,images/model/guan/url_none.png
443, Python与数据科学,30.60,清华大学出版社,139,http://product.dangdang.com/23940557.html,images/model/guan/url_none.png
444, Python开发向导（云计算工程师系列）,37.90,高等教育出版社,40,http://product.dangdang.com/25114732.html,images/model/guan/url_none.png
445, Python 3.x程序设计基础,39.00,科学出版社,0,http://product.dangdang.com/27862920.html,images/model/guan/url_none.png
446, 量化金融投资及其Python应用,49.00,机械工业出版社,45,http://product.dangdang.com/25334355.html,images/model/guan/url_none.png
447, 投资学及其Python应用,35.70,机械工业出版社,8,http://product.dangdang.com/26914302.html,images/model/guan/url_none.png
448, 数据采集技术―Python网络爬虫项目化教程,23.20,机械工业出版社,14,http://product.dangdang.com/25327488.html,images/model/guan/url_none.png
449, 基于Python的Web大数据爬取实战指南,111.30,北京航空航天大学出版社,0,http://product.dangdang.com/27468439.html,images/model/guan/url_none.png
450, 数据科学导论：Python语言实现,38.70,人民邮电出版社,152,http://product.dangdang.com/24015682.html,images/model/guan/url_none.png
451, 机器学习即服务：将Python机器学习创意快速转变为云端Web应用程序,68.30,机械工业出版社,0,http://product.dangdang.com/27884991.html,images/model/guan/url_none.png
452, 深度实践OpenStack：基于Python的OpenStack组件开发,62.40,四川大学出版社,106,http://product.dangdang.com/25263391.html,images/model/guan/url_none.png
453, 金融数量分析――基于Python编程(畅销书的Python版本，已被四万金融人选为参考书。程序源码扫描书中二维码即可下,40.00,机械工业出版社,125,http://product.dangdang.com/25307619.html,images/model/guan/url_none.png
454, 零基础学Minecraft编程（图文版）,54.50,清华大学出版社,869,http://product.dangdang.com/23771146.html,images/model/guan/url_none.png
455, Spark数据分析:基于Python语言(英文版）,67.10,人民邮电出版社,4,http://product.dangdang.com/26916585.html,images/model/guan/url_none.png
456, Python编程与应用实践,46.90,浙江大学出版社,0,http://product.dangdang.com/27855343.html,images/model/guan/url_none.png
457, 从问题到程序 用Python学编程和计算,54.80,电子工业出版社,94,http://product.dangdang.com/25094051.html,images/model/guan/url_none.png
458, Python程序设计教程,32.30,O'Reilly Media,17,http://product.dangdang.com/24135581.html,images/model/guan/url_none.png
459, TensorFlow深度学习,38.70,Oreilly & Associates Inc,343,http://product.dangdang.com/25255372.html,images/model/guan/url_none.png
460, python爬虫防封杀,101.12,O'Reilly Media,27,http://product.dangdang.com/410258071.html,images/model/guan/url_none.png
461, Python程序设计教程,21.70,Createspace Independent Publishing Platform,0,http://product.dangdang.com/26920760.html,images/model/guan/url_none.png
462, 电子数据取证与Python方法,46.00,机械工业出版社,70,http://product.dangdang.com/25168147.html,images/model/guan/url_none.png
463, 【预订】Python Programming on WIN32,692.30,Createspace Independent Publishing Platform,0,http://product.dangdang.com/27510139.html,images/model/guan/url_none.png
464, 【预订】Python Pocket Reference,160.13,Penguin,0,http://product.dangdang.com/27785979.html,images/model/guan/url_none.png
465, 【预订】Python Cookbook: Recipes for Mastering Python 3,462.68,Wiley,0,http://product.dangdang.com/27785969.html,images/model/guan/url_none.png
466, 【预订】Python for Everybody: Exploring Data in Python 3,111.51,Cambridge University Press,0,http://product.dangdang.com/27794316.html,images/model/guan/url_none.png
467, Python计算与编程实践：多媒体方法（原书第2版）,47.60,人民邮电出版社,100,http://product.dangdang.com/22802721.html,images/model/guan/url_none.png
468, 【预订】Python for Informatics: Exploring Information,111.51,人民邮电出版社,0,http://product.dangdang.com/27793322.html,images/model/guan/url_none.png
469, 【预订】Python Web Development with Django,483.09,Packt Publishing,0,http://product.dangdang.com/25559038.html,images/model/guan/url_none.png
470, 【预订】Python For Kids For Dummies,289.80,中国铁道出版社,0,http://product.dangdang.com/25559037.html,images/model/guan/url_none.png
471, 【预订】Python for Software Design: How to Think Like a Compute,1896.2,Cambridge University Press,0,http://product.dangdang.com/27680853.html,images/model/guan/url_none.png
472, 【按需印刷】-Python高级编程,67.50,Course Technology,9,http://product.dangdang.com/24242011.html,images/model/guan/url_none.png
473, 【按需印刷】-Python技术手册 第2版,133.50,高等教育出版社,9,http://product.dangdang.com/24241157.html,images/model/guan/url_none.png
474," 【预订】Python GUI Programming Cookbook, Second Edition",726.96,Createspace Independent Pub,0,http://product.dangdang.com/27804027.html,images/model/guan/url_none.png
475, 【预订】Python Essential Reference,385.55,O'Reilly Media,0,http://product.dangdang.com/26478964.html,images/model/guan/url_none.png
476, Python程序设计教程,27.00,O'Reilly Media,26,http://product.dangdang.com/24031123.html,images/model/guan/url_none.png
477, 【预订】Python for Software Design: How to Think Like a Compute,758.48,Pearson,0,http://product.dangdang.com/27460520.html,images/model/guan/url_none.png
478, 【预订】Python Programming for the Absolute Beginner,272.54,Wiley,0,http://product.dangdang.com/27535705.html,images/model/guan/url_none.png
479, Python程序设计,34.10,In Easy Steps Limited,6,http://product.dangdang.com/25249451.html,images/model/guan/url_none.png
480, 【预订】Python Version 2.7 Introduction Using Idle For Linux-de,78.05,P,0,http://product.dangdang.com/27517545.html,http://img3m5.ddimg.cn/0/16/27517545-1_b_1.jpg
481, 【预订】Python Data Science Handbook: Essential Tools for Worki,807.71,Apress,0,http://product.dangdang.com/27546596.html,images/model/guan/url_none.png
482, 【预订】Python and Aws Cookbook: Managing Your Cloud with Pytho,303.90,人民邮电出版社,0,http://product.dangdang.com/27785908.html,images/model/guan/url_none.png
483, 【预订】Python: Parts A & B [With CDROM],2780.15,Apress,0,http://product.dangdang.com/27644261.html,images/model/guan/url_none.png
484, 【预订】Python For Dummies,249.12,Createspace Independent Publishing Platform,0,http://product.dangdang.com/27674110.html,images/model/guan/url_none.png
485, 【预订】Python in easy steps,121.26,机械工业出版社,0,http://product.dangdang.com/27412088.html,images/model/guan/url_none.png
486, 【预订】Python 3 for Absolute Beginners,363.93,Apress,0,http://product.dangdang.com/27378597.html,images/model/guan/url_none.png
487, 【预订】Python Machine Learning Case Studies: Five Case Studies,586.80,清华大学出版社,0,http://product.dangdang.com/27505013.html,images/model/guan/url_none.png
488, Python程序设计,36.30,机械工业出版社,12,http://product.dangdang.com/25211881.html,images/model/guan/url_none.png
489, 【预订】Python Algorithms: Mastering Basic Algorithms in the Py,651.93,清华大学出版社,0,http://product.dangdang.com/27538789.html,images/model/guan/url_none.png
490, 【预订】Python Programming for Beginners: An Introduction to th,273.44,清华大学出版社,0,http://product.dangdang.com/27791185.html,images/model/guan/url_none.png
491, Python程序设计,40.50,Createspace Independent Publishing Platform,1,http://product.dangdang.com/25575274.html,images/model/guan/url_none.png
492, 【预订】Python Algorithms: Mastering Basic Algorithms in the Py,717.21,Createspace Independent Publishing Platform,0,http://product.dangdang.com/27370790.html,images/model/guan/url_none.png
493, Python编程从入门到实战的16堂课（第2版）,54.50,Createspace Independent Publishing Platform,0,http://product.dangdang.com/27886293.html,images/model/guan/url_none.png
494, Python语言实用教程,40.30,Createspace Independent Publishing Platform,7,http://product.dangdang.com/25260274.html,images/model/guan/url_none.png
495, Python+TensorFlow机器学习实战,54.50,5starcooks,0,http://product.dangdang.com/27886292.html,images/model/guan/url_none.png
496, Python数据分析师修炼之道,47.60,5starcooks,0,http://product.dangdang.com/27886294.html,images/model/guan/url_none.png
497," 【预订】Python: 5 Manuscripts - Python for Beginners, Python Pr",344.12,5starcooks,0,http://product.dangdang.com/27795504.html,images/model/guan/url_none.png
498, 【预订】Python for Kids: Easy Guide to Start Programming for Ki,140.78,人民邮电出版社,0,http://product.dangdang.com/27369804.html,images/model/guan/url_none.png
499, 【预订】Python for Biologists: A Complete Programming Course fo,423.81,清华大学出版社,0,http://product.dangdang.com/27789737.html,images/model/guan/url_none.png
500, 【预订】Python: Learn the Easiest Program Coding for the Absolu,158.33,清华大学出版社,0,http://product.dangdang.com/27795150.html,images/model/guan/url_none.png
501, 【预订】Python Data Structures and Algorithms Complete Self-Ass,1024.41,科学出版社,0,http://product.dangdang.com/27789308.html,images/model/guan/url_none.png
502, 【预订】Python Machine Learning Complete Self-Assessment Guide,1024.41,机械工业出版社,0,http://product.dangdang.com/27325603.html,images/model/guan/url_none.png
503, 【预订】Python Networking Complete Self-Assessment Guide,1024.41,中国铁道出版社,0,http://product.dangdang.com/27687323.html,images/model/guan/url_none.png
504, 计算机编程导论――Python程序设计,42.30,人民邮电出版社,204,http://product.dangdang.com/23351045.html,images/model/guan/url_none.png
505, Python程序设计与算法基础教程（第2版）-微课版,50.10,人民邮电出版社,0,http://product.dangdang.com/27890373.html,images/model/guan/url_none.png
506, Python Docker实战,41.20,中国铁道出版社,0,http://product.dangdang.com/27890372.html,images/model/guan/url_none.png
507, Raspberry Pi：Python编程入门,30.00,人民邮电出版社,241,http://product.dangdang.com/23403941.html,images/model/guan/url_none.png
508, 数据科学实战之网络爬取：Python实践和示例,54.50,高等教育出版社,27,http://product.dangdang.com/26315143.html,images/model/guan/url_none.png
509, 普通高等教育“十三五”规划教材：Python程序设计基础,40.50,Simon & Schuster,5,http://product.dangdang.com/25319787.html,images/model/guan/url_none.png
510, 【预订】A Python Primer for Arcgis(r): Workbook III,328.22,电子工业出版社,0,http://product.dangdang.com/27402929.html,images/model/guan/url_none.png
511, Hadoop数据分析,54.50,Apress,157,http://product.dangdang.com/25255738.html,images/model/guan/url_none.png
512, NLTK基础教程 用NLTK和Python库构建机器学习应用,33.80,Addison,417,http://product.dangdang.com/25079395.html,images/model/guan/url_none.png
513, 高等院校计算机教育“十三五”应用型规划教材：Python程序设计应用教程,43.10,Createspace Independent Publishing Platform,13,http://product.dangdang.com/25244145.html,images/model/guan/url_none.png
514, 爱上Raspberry Pi 第2版 树莓派编程快速入门手册,33.80,Michele Deppe,255,http://product.dangdang.com/23987858.html,images/model/guan/url_none.png
515, 数据分析技术--Python数据分析项目化教程,32.60,天津大学出版社,1,http://product.dangdang.com/26919509.html,images/model/guan/url_none.png
516," Greedy Python (Ready to Read, Level 1) (by Eric Carle) 《贪婪的",18.40,人民邮电出版社,81,http://product.dangdang.com/22914694.html,images/model/guan/url_none.png
517, 一站式学Python从入门到精通（跟老齐学Python 基于Python 3 当当独家）,142.80,电子工业出版社,0,http://product.dangdang.com/25307181.html,images/model/guan/url_none.png
518, 【预订】Pro Python,396.80,科学技术文献出版社,0,http://product.dangdang.com/27780665.html,images/model/guan/url_none.png
519, 【预订】The Python Standard Library by Example,579.74,清华大学出版社,0,http://product.dangdang.com/27659858.html,images/model/guan/url_none.png
520, 【预订】Python on Panola,132.96,电子工业出版社,0,http://product.dangdang.com/26527469.html,images/model/guan/url_none.png
521, 【预订】Python: The Ultimate Beginners Guide: Start Coding Toda,187.14,5starcooks,0,http://product.dangdang.com/26652523.html,images/model/guan/url_none.png
522, 深海管道试验的数值模拟理论及应用ABAQUS参数化设计中的Python脚本,27.60,North-South Books,2,http://product.dangdang.com/27851946.html,images/model/guan/url_none.png
523, 编程导论,40.70,格致出版社,198,http://product.dangdang.com/23684244.html,images/model/guan/url_none.png
524, 21天学通Python,41.20,Simon & Schuster,308,http://product.dangdang.com/23837161.html,images/model/guan/url_none.png
525, 数据馆员的Python简明手册,42.90,O'Reilly Media,0,http://product.dangdang.com/25184186.html,images/model/guan/url_none.png
526, 算法与程序设计基础 Python版 21世纪高等学校计算机基础实用规划教材,31.90,Apress,112,http://product.dangdang.com/23655756.html,images/model/guan/url_none.png
527, TensorFlow：实战Google深度学习框架（第2版）,70.50,O'Reilly Media,13366,http://product.dangdang.com/25224111.html,images/model/guan/url_none.png
528, 【预订】Core Python Applications Complete Self-Assessment Guide,1024.41,Crabtree Publishing Company,0,http://product.dangdang.com/27546459.html,images/model/guan/url_none.png
529, 【预订】Monty Python's Book of Silly Walks,146.78,Random House US,0,http://product.dangdang.com/26576120.html,images/model/guan/url_none.png
530, 知识网络与合作网络的关系――基于Python编程,40.70,Random House US,10,http://product.dangdang.com/25236604.html,images/model/guan/url_none.png
531, 【预订】Learning Python: Powerful Object-Oriented Programming,578.39,Wiley,0,http://product.dangdang.com/27444190.html,images/model/guan/url_none.png
532," 【预订】Fluent Python: Clear, Concise, and Effective Programmin",692.30,暂无数据,0,http://product.dangdang.com/27314607.html,images/model/guan/url_none.png
533, 【预订】Dive Into Python 3,363.93,暂无数据,0,http://product.dangdang.com/27334099.html,images/model/guan/url_none.png
534, 【预订】Effective Python: 59 Specific Ways to Write Better Pyth,311.40,暂无数据,0,http://product.dangdang.com/26477361.html,images/model/guan/url_none.png
535, 【预订】Head First Python: A Brain-Friendly Guide,462.68,暂无数据,0,http://product.dangdang.com/27402392.html,images/model/guan/url_none.png
536, 【预订】I'm a Python Programmer,266.69,暂无数据,0,http://product.dangdang.com/26653382.html,images/model/guan/url_none.png
537, 【预订】Beginning Python: From Novice to Professional,396.80,暂无数据,0,http://product.dangdang.com/27399644.html,images/model/guan/url_none.png
538, 【预订】Dive Into Python,363.93,暂无数据,0,http://product.dangdang.com/27604997.html,images/model/guan/url_none.png
539, 【预订】Learning Python with Raspberry Pi,289.80,暂无数据,0,http://product.dangdang.com/25555921.html,images/model/guan/url_none.png
